1,2,Add Two Numbers
2,4,Median of Two Sorted Arrays
3,169,Majority Element
4,206,Reverse Linked List
5,1,Two Sum
6,3,Longest Substring Without Repeating Characters
7,14,Longest Common Prefix
8,15,3Sum
9,25,Reverse Nodes in k-Group
10,70,Climbing Stairs
11,83,Remove Duplicates from Sorted List
12,195,Tenth Line
13,237,Delete Node in a Linked List
14,258,Add Digits
15,268,Missing Number
16,292,Nim Game
17,322,Coin Change
18,394,Decode String
19,547,Number of Provinces
20,703,Kth Largest Element in a Stream
21,793,Preimage Size of Factorial Zeroes Function
22,795,Number of Subarrays with Bounded Maximum
23,908,Smallest Range I
24,910,Smallest Range II
25,1190,Reverse Substrings Between Each Pair of Parentheses
26,1916,Count Ways to Build Rooms in an Ant Colony
27,2055,Plates Between Candles
28,2143,Choose Numbers From Two Arrays in Range
29,2328,Number of Increasing Paths in a Grid
30,2406,Divide Intervals Into Minimum Number of Groups
31,2429,Minimize XOR
32,2422,Merge Operations to Turn Array Into a Palindrome
33,2892,Minimizing Array After Replacing Pairs With Their ...
34,2962,Count Subarrays Where Max Element Appears at Lea ...
35,3173,Bitwise OR of Adjacent Elements
