1,1,Two Sum
2,2667,Create Hello World Function
3,88,Merge Sorted Array
4,1757,Recyclable and Low Fat Products
5,959,Regions Cut By Slashes
6,42,Trapping Rain Water
7,1768,Merge Strings Alternately
8,2,Add Two Numbers
9,7,Reverse Integer
10,9,Palindrome Number
11,70,Climbing Stairs
12,2955,Number of Same-End Substrings
13,3054,Binary Tree Nodes
14,121,Best Time to Buy and Sell Stock
15,273,Integer to English Words
16,359,Logger Rate Limiter
17,1526,Minimum Number of Increments on Subarrays to For ...
18,5,Longest Palindromic Substring
19,3,Longest Substring Without Repeating Characters
20,11,Container With Most Water
21,14,Longest Common Prefix
22,15,3Sum
23,885,Spiral Matrix III
24,1825,Finding MK Average
25,1937,Maximum Number of Points with Cost
26,40,Combination Sum II
27,41,First Missing Positive
28,84,Largest Rectangle in Histogram
29,206,Reverse Linked List
30,876,Middle of the Linked List
31,1071,Greatest Common Divisor of Strings
32,13,Roman to Integer
33,31,Next Permutation
34,2101,Detonate the Maximum Bombs
35,22,Generate Parentheses
36,715,Range Module
37,2458,Height of Binary Tree After Subtree Removal Queries
