1,88,Merge Sorted Array
2,408,Valid Word Abbreviation
3,680,Valid Palindrome II
4,1249,Minimum Remove to Make Valid Parentheses
5,1,Two Sum
6,973,K Closest Points to Origin
7,56,Merge Intervals
8,215,Kth Largest Element in an Array
9,314,Binary Tree Vertical Order Traversal
10,339,Nested List Weight Sum
11,938,Range Sum of BST
12,50,"Pow(x, n)"
13,71,Simplify Path
14,125,Valid Palindrome
15,236,Lowest Common Ancestor of a Binary Tree
16,543,Diameter of Binary Tree
17,2,Add Two Numbers
18,7,Reverse Integer
19,34,Find First and Last Position of Element in Sorted Array
20,146,LRU Cache
21,162,Find Peak Element
22,199,Binary Tree Right Side View
23,227,Basic Calculator II
24,523,Continuous Subarray Sum
25,827,Making A Large Island
26,1570,Dot Product of Two Sparse Vectors
27,1650,Lowest Common Ancestor of a Binary Tree III
28,2667,Create Hello World Function
29,70,Climbing Stairs
30,76,Minimum Window Substring
31,84,Largest Rectangle in Histogram
32,200,Number of Islands
33,273,Integer to English Words
34,560,Subarray Sum Equals K
35,1004,Max Consecutive Ones III
36,1091,Shortest Path in Binary Matrix
37,1768,Merge Strings Alternately
38,5,Longest Palindromic Substring
39,11,Container With Most Water
40,15,3Sum
41,17,Letter Combinations of a Phone Number
42,23,Merge k Sorted Lists
43,28,Find the Index of the First Occurrence in a String
44,33,Search in Rotated Sorted Array
45,38,Count and Say
46,42,Trapping Rain Water
47,53,Maximum Subarray
48,65,Valid Number
49,69,Sqrt(x)
50,121,Best Time to Buy and Sell Stock
51,138,Copy List with Random Pointer
