1,1917,Leetcodify Friends Recommendations
2,1919,Leetcodify Similar Friends
3,3,Longest Substring Without Repeating Characters
4,346,Moving Average from Data Stream
5,1,Two Sum
6,1152,Analyze User Website Visit Pattern
7,20,Valid Parentheses
8,215,Kth Largest Element in an Array
9,383,Ransom Note
10,480,Sliding Window Median
11,125,Valid Palindrome
12,295,Find Median from Data Stream
13,1209,Remove All Adjacent Duplicates in String II
14,242,Valid Anagram
15,2096,Step-By-Step Directions From a Binary Tree Node to ...
